station_id,name,display_name,name_key,region,syllables,is_transfer,aliases,lat,lon
busan_0001,가야,가야,가야,busan,2,0,,35.15589,129.04283
busan_0002,가야대,가야대,가야대,busan,3,0,,35.266727,128.86507
busan_0003,감전,감전,감전,busan,2,0,,35.15553,128.99114
busan_0004,강서구청,강서구청,강서구청,busan,4,0,,35.21125,128.98175
busan_0005,개금,개금,개금,busan,2,0,,35.15325,129.02056
busan_0006,개운포,개운포,개운포,busan,3,0,,35.507884,129.321097
busan_0007,거제,거제,거제,busan,2,1,,35.18908,129.074162
busan_0008,거제해맞이,거제해맞이,거제해맞이,busan,5,0,,35.181197,129.069015
busan_0009,경성대·부경대,경성대·부경대,경성대부경대,busan,6,0,,35.13757,129.10055
busan_0010,고촌,고촌,고촌,busan,2,0,,35.23603,129.1605
busan_0011,공항,공항,공항,busan,2,0,,35.171906,128.948586
busan_0012,광안,광안,광안,busan,2,0,,35.15792,129.113197
busan_0013,괘법르네시떼,괘법르네시떼,괘법르네시떼,busan,6,0,,35.163262,128.977684
busan_0014,괴정,괴정,괴정,busan,2,0,,35.1,128.9925
busan_0015,교대,교대,교대,busan,2,1,,35.194815,129.07979
busan_0016,구남,구남,구남,busan,2,0,,35.19681,128.99492
busan_0017,구명,구명,구명,busan,2,0,,35.20253,128.99931
busan_0018,구서,구서,구서,busan,2,0,,35.247407,129.091327
busan_0019,구포,구포,구포,busan,2,0,,35.20644,128.99631
busan_0020,국제금융센터·부산은행,국제금융센터·부산은행,국제금융센터부산은행,busan,10,0,,35.14583,129.06672
busan_0021,금곡,금곡,금곡,busan,2,0,,35.26733,129.01686
busan_0022,금련산,금련산,금련산,busan,3,0,,35.14989,129.111008
busan_0023,금사,금사,금사,busan,2,0,,35.21583,129.11517
busan_0024,기장,기장,기장,busan,2,0,,35.244627,129.218895
busan_0025,김해대학,김해대학,김해대학,busan,4,0,,35.22899,128.915612
busan_0026,김해시청,김해시청,김해시청,busan,4,0,,35.227103,128.89041
busan_0027,낙민,낙민,낙민,busan,2,0,,35.20025,129.09078
busan_0028,남산,남산,남산,busan,2,0,,35.26528,129.0925
busan_0029,남산정,남산정,남산정,busan,3,0,,35.21333,129.02392
busan_0030,남양산,남양산,남양산,busan,3,0,,35.32533,129.01942
busan_0031,남창,남창,남창,busan,2,0,,35.419713,129.28223
busan_0032,남천,남천,남천,busan,2,0,,35.14217,129.10797
busan_0033,남포,남포,남포,busan,2,0,,35.09778,129.03472
busan_0034,낫개,낫개,낫개,busan,2,0,,35.065179,128.979702
busan_0035,냉정,냉정,냉정,busan,2,0,,35.15125,129.01228
busan_0036,노포,노포,노포,busan,2,0,,35.28361,129.095
busan_0037,다대포항,다대포항,다대포항,busan,4,0,,35.057288,128.971151
busan_0038,다대포해수욕장,다대포해수욕장,다대포해수욕장,busan,7,0,,35.048229,128.965919
busan_0039,당리,당리,당리,busan,2,0,,35.10333,128.97417
busan_0040,대사,대사,대사,busan,2,0,,35.217657,128.938417
busan_0041,대연,대연,대연,busan,2,0,,35.13512,129.09218
busan_0042,대저,대저,대저,busan,2,1,,35.213248,128.960651
busan_0043,대티,대티,대티,busan,2,0,,35.10306,128.99972
busan_0044,덕두,덕두,덕두,busan,2,0,,35.182001,128.954198
busan_0045,덕천,덕천,덕천,busan,2,1,,35.210124,129.005437
busan_0046,덕포,덕포,덕포,busan,2,0,,35.17378,128.98394
busan_0047,덕하,덕하,덕하,busan,2,0,,35.494007,129.303094
busan_0048,동대신,동대신,동대신,busan,3,0,,35.11056,129.01757
busan_0049,동래,동래,동래,busan,2,1,,35.204978,129.07774
busan_0050,동매,동매,동매,busan,2,0,,35.089819,128.974029
busan_0051,동백,동백,동백,busan,2,0,,35.16147,129.147887
busan_0052,동원,동원,동원,busan,2,0,,35.25864,129.01242
busan_0053,동의대,동의대,동의대,busan,3,0,,35.15411,129.0325
busan_0054,두실,두실,두실,busan,2,0,,35.25694,129.09139
busan_0055,등구,등구,등구,busan,2,0,,35.196143,128.963599
busan_0056,만덕,만덕,만덕,busan,2,0,,35.213,129.0365
busan_0057,망미,망미,망미,busan,2,0,,35.17153,129.10822
busan_0058,망양,망양,망양,busan,2,0,,35.456519,129.287856
busan_0059,명륜,명륜,명륜,busan,2,0,,35.21222,129.07944
busan_0060,명장,명장,명장,busan,2,0,,35.20503,129.10161
busan_0061,모덕,모덕,모덕,busan,2,0,,35.18036,128.98561
busan_0062,모라,모라,모라,busan,2,0,,35.18967,128.98864
busan_0063,못골,못골,못골,busan,2,0,,35.13472,129.08442
busan_0064,문현,문현,문현,busan,2,0,,35.13911,129.06736
busan_0065,물만골,물만골,물만골,busan,3,0,,35.17681,129.08575
busan_0066,미남,미남,미남,busan,2,1,,35.205965,129.06837
busan_0067,민락,민락,민락,busan,2,0,,35.16722,129.121878
busan_0068,박물관,박물관,박물관,busan,3,0,,35.240065,128.871863
busan_0069,반여농산물시장,반여농산물시장,반여농산물시장,busan,7,0,,35.21778,129.12397
busan_0070,배산,배산,배산,busan,2,0,,35.1735,129.0955
busan_0071,범내골,범내골,범내골,busan,3,0,,35.14722,129.05917
busan_0072,범어사,범어사,범어사,busan,3,0,,35.27333,129.09268
busan_0073,범일,범일,범일,busan,2,0,,35.14139,129.05944
busan_0074,벡스코,벡스코,벡스코,busan,3,1,,35.170405,129.137194
busan_0075,봉황,봉황,봉황,busan,2,0,,35.227268,128.874307
busan_0076,부산역,부산역,부산,busan,3,0,,35.11528,129.03972
busan_0077,부산대,부산대,부산대,busan,3,0,,35.23,129.08944
busan_0078,부산대양산캠퍼스,부산대양산캠퍼스,부산대양산캠퍼스,busan,8,0,,35.31697,129.01383
busan_0079,부산원동,부산원동,부산원동,busan,4,0,,35.1938,129.113709
busan_0080,부산진,부산진,부산진,busan,3,0,,35.12778,129.04778
busan_0081,부암,부암,부암,busan,2,0,,35.15744,129.05019
busan_0082,부원,부원,부원,busan,2,0,,35.226466,128.8839
busan_0083,부전,부전,부전,busan,2,1,,35.163584,129.061445
busan_0084,불암,불암,불암,busan,2,0,,35.222162,128.927893
busan_0085,사상,사상,사상,busan,2,1,,35.162241,128.985305
busan_0086,사직,사직,사직,busan,2,0,,35.199,129.065
busan_0087,사하,사하,사하,busan,2,0,,35.09972,128.98333
busan_0088,서대신,서대신,서대신,busan,3,0,,35.11083,129.01194
busan_0089,서동,서동,서동,busan,2,0,,35.21331,129.10769
busan_0090,서면,서면,서면,busan,2,1,,35.15773,129.058843
busan_0091,서부산유통지구,서부산유통지구,서부산유통지구,busan,7,0,,35.166402,128.954888
busan_0092,서생,서생,서생,busan,2,0,,35.346121,129.29304
busan_0093,석대,석대,석대,busan,2,0,,35.21825,129.13717
busan_0094,센텀,센텀,센텀,busan,2,0,,35.1793,129.1245
busan_0095,센텀시티,센텀시티,센텀시티,busan,4,0,,35.16892,129.131764
busan_0096,송정,송정,송정,busan,2,0,,35.187832,129.202069
busan_0097,수로왕릉,수로왕릉,수로왕릉,busan,4,0,,35.232822,128.872141
busan_0098,수안,수안,수안,busan,2,0,,35.20183,129.08378
busan_0099,수영,수영,수영,busan,2,1,,35.166765,129.114711
busan_0100,수정,수정,수정,busan,2,0,,35.22336,129.00922
busan_0101,숙등,숙등,숙등,busan,2,0,,35.21197,129.01275
busan_0102,시청,시청(연제),시청,busan,2,0,연제,35.17972,129.07667
busan_0103,신장림,신장림,신장림,busan,3,0,,35.074222,128.976538
busan_0104,신평,신평,신평,busan,2,0,,35.09556,128.96056
busan_0105,신해운대,신해운대,신해운대,busan,4,0,,35.181832,129.176696
busan_0106,안락,안락,안락,busan,2,0,,35.196007,129.101062
busan_0107,안평,안평,안평,busan,2,0,,35.23733,129.17183
busan_0108,양산,양산,양산,busan,2,0,,35.33851,129.02643
busan_0109,양정,양정,양정,busan,2,0,,35.17304,129.07119
busan_0110,연산,연산,연산,busan,2,1,,35.186125,129.08157
busan_0111,연지공원,연지공원,연지공원,busan,4,0,,35.249658,128.869291
busan_0112,영산대,영산대,영산대,busan,3,0,,35.22578,129.14617
busan_0113,오시리아,오시리아,오시리아,busan,4,0,,35.196256,129.208291
busan_0114,온천장,온천장,온천장,busan,3,0,,35.22056,129.08667
busan_0115,월내,월내,월내,busan,2,0,,35.328177,129.276626
busan_0116,윗반송,윗반송,윗반송,busan,3,0,,35.2325,129.15403
busan_0117,율리,율리,율리,busan,2,0,,35.24672,129.01292
busan_0118,인제대,인제대,인제대,busan,3,0,,35.228099,128.901736
busan_0119,일광,일광,일광,busan,2,0,,35.267556,129.233031
busan_0120,자갈치,자갈치,자갈치,busan,3,0,,35.0975,129.02694
busan_0121,장림,장림,장림,busan,2,0,,35.081555,128.977308
busan_0122,장산,장산,장산,busan,2,0,,35.17,129.17694
busan_0123,장신대,장신대,장신대,busan,3,0,,35.259556,128.867114
busan_0124,장전,장전,장전,busan,2,0,,35.23806,129.08806
busan_0125,재송,재송,재송,busan,2,0,,35.188,129.120109
busan_0126,전포,전포,전포,busan,2,0,,35.15311,129.06533
busan_0127,종합운동장,종합운동장,종합운동장,busan,5,0,,35.19125,129.0675
busan_0128,좌천,좌천,좌천,busan,2,0,,35.13417,129.05417
busan_0129,좌천,좌천,좌천,busan,2,0,,35.311838,129.245197
busan_0130,주례,주례,주례,busan,2,0,,35.1505,129.00306
busan_0131,중동,중동,중동,busan,2,0,,35.16669,129.16887
busan_0132,중앙,중앙,중앙,busan,2,0,,35.10389,129.03639
busan_0133,증산,증산,증산,busan,2,0,,35.30828,129.01028
busan_0134,지게골,지게골,지게골,busan,3,0,,35.13558,129.07436
busan_0135,지내,지내,지내,busan,2,0,,35.2275,128.923721
busan_0136,체육공원,체육공원,체육공원,busan,4,0,,35.21261,128.96894
busan_0137,초량,초량,초량,busan,2,0,,35.12111,129.04296
busan_0138,충렬사,충렬사,충렬사,busan,3,0,,35.19986,129.09764
busan_0139,태화강,태화강,태화강,busan,3,0,,35.538669,129.353269
busan_0140,토성,토성,토성,busan,2,0,,35.10083,129.01972
busan_0141,평강,평강,평강,busan,2,0,,35.214105,128.950825
busan_0142,하단,하단,하단,busan,2,0,,35.10611,128.96667
busan_0143,해운대,해운대,해운대,busan,3,0,,35.163518,129.158584
busan_0144,호포,호포,호포,busan,2,0,,35.281,129.017525
busan_0145,화명,화명,화명,busan,2,0,,35.23585,129.01387
capital_0146,4.19민주묘지,4.19민주묘지,419민주묘지,capital,4,0,,37.64954,127.01371
capital_0147,가능,가능,가능,capital,2,0,,37.748362,127.044251
capital_0148,가락시장,가락시장,가락시장,capital,4,1,,37.492661,127.117989
capital_0149,가산디지털단지,가산디지털단지,가산디지털단지,capital,7,1,,37.480972,126.882666
capital_0150,가양,가양,가양,capital,2,0,,37.561111,126.855078
capital_0151,가오리,가오리,가오리,capital,3,0,,37.64162,127.01681
capital_0152,가재울,가재울,가재울,capital,3,0,,37.484152,126.683883
capital_0153,가정,가정(루원시티),가정,capital,2,0,루원시티,37.524805,126.675387
capital_0154,가정중앙시장,가정중앙시장,가정중앙시장,capital,6,0,,37.517511,126.676784
capital_0155,가좌,가좌,가좌,capital,2,0,,37.568611,126.914841
capital_0156,가천대,가천대,가천대,capital,3,0,,37.448784,127.126677
capital_0157,가평,가평,가평,capital,2,0,,37.814515,127.510693
capital_0158,간석,간석,간석,capital,2,0,,37.464689,126.693408
capital_0159,간석오거리,간석오거리,간석오거리,capital,5,0,,37.466921,126.707861
capital_0160,갈매,갈매,갈매,capital,2,0,,37.634135,127.114803
capital_0161,갈산,갈산,갈산,capital,2,0,,37.517124,126.721566
capital_0162,강남,강남,강남,capital,2,1,,37.497718,127.027914
capital_0163,강남구청,강남구청,강남구청,capital,4,1,,37.516878,127.041397
capital_0164,강남대,강남대,강남대,capital,3,0,,37.270171,127.126067
capital_0165,강동,강동,강동,capital,2,0,,37.53581,127.13249
capital_0166,강동구청,강동구청,강동구청,capital,4,0,,37.530348,127.120461
capital_0167,강매,강매,강매,capital,2,0,,37.612396,126.844537
capital_0168,강변,강변(동서울터미널),강변,capital,2,0,동서울터미널,37.535161,127.094684
capital_0169,강일,강일,강일,capital,2,0,,37.557521,127.176018
capital_0170,강촌,강촌,강촌,capital,2,0,,37.805728,127.634054
capital_0171,개롱,개롱,개롱,capital,2,0,,37.498097,127.134817
capital_0172,개봉,개봉,개봉,capital,2,0,,37.494698,126.858504
capital_0173,개포동,개포동,개포동,capital,3,0,,37.489112,127.066027
capital_0174,개화,개화,개화,capital,2,0,,37.578591,126.797833
capital_0175,개화산,개화산,개화산,capital,3,0,,37.572458,126.806838
capital_0176,거여,거여,거여,capital,2,0,,37.493208,127.143983
capital_0177,건대입구,건대입구,건대입구,capital,4,1,,37.540645,127.070167
capital_0178,걸포북변,걸포북변,걸포북변,capital,4,0,,37.631639,126.70575
capital_0179,검단사거리,검단사거리,검단사거리,capital,5,0,,37.601693,126.656545
capital_0180,검단오류,검단오류,검단오류,capital,4,0,,37.595016,126.62801
capital_0181,검단호수공원,검단호수공원,검단호수공원,capital,6,0,,37.6025,126.688056
capital_0182,검바위,검바위,검바위,capital,3,0,,37.561091,126.677529
capital_0183,검암,검암,검암,capital,2,1,,37.568883,126.674609
capital_0184,경기광주,경기광주,경기광주,capital,4,0,,37.398974,127.253201
capital_0185,경기도청북부청사,경기도청북부청사,경기도청북부청사,capital,8,0,,37.750732,127.071479
capital_0186,경마공원,경마공원,경마공원,capital,4,0,,37.443987,127.007899
capital_0187,경복궁,경복궁(정부서울청사),경복궁,capital,3,0,정부서울청사,37.575844,126.973576
capital_0188,경인교대입구,경인교대입구,경인교대입구,capital,6,0,,37.538272,126.722603
capital_0189,경전철의정부,경전철의정부,경전철의정부,capital,6,0,,37.7373,127.043321
capital_0190,경찰병원,경찰병원,경찰병원,capital,4,0,,37.495754,127.124198
capital_0191,계산,계산,계산,capital,2,0,,37.543243,126.728436
capital_0192,계양,계양,계양,capital,2,1,,37.571654,126.736319
capital_0193,고덕,고덕,고덕,capital,2,0,,37.555002,127.154214
capital_0194,고려대,고려대(종암),고려대,capital,3,0,종암,37.59034,127.03626
capital_0195,고색,고색,고색,capital,2,0,,37.249829,126.98059
capital_0196,고속터미널,고속터미널,고속터미널,capital,5,1,,37.504758,127.004672
capital_0197,고잔,고잔,고잔,capital,2,1,,37.316821,126.823094
capital_0198,고진,고진,고진,capital,2,0,,37.244638,127.214184
capital_0199,고촌,고촌,고촌,capital,2,0,,37.60125,126.770361
capital_0200,곡산,곡산,곡산,capital,2,1,,37.645729,126.801877
capital_0201,곤제,곤제,곤제,capital,2,0,,37.750543,127.083865
capital_0202,곤지암,곤지암,곤지암,capital,3,0,,37.350525,127.346186
capital_0203,공덕,공덕,공덕,capital,2,1,,37.543255,126.951621
capital_0204,공릉,공릉(서울과학기술대),공릉,capital,2,0,서울과학기술대,37.625642,127.072969
capital_0205,공항시장,공항시장,공항시장,capital,4,0,,37.563726,126.810678
capital_0206,공항화물청사,공항화물청사,공항화물청사,capital,6,0,,37.459026,126.477433
capital_0207,과천,과천,과천,capital,2,0,,37.432805,126.996404
capital_0208,관악,관악,관악,capital,2,0,,37.419578,126.908476
capital_0209,관악산,관악산,관악산,capital,3,0,,37.469169,126.944955
capital_0210,광교,광교(경기대),광교,capital,2,0,경기대,37.301735,127.044856
capital_0211,광교중앙,광교중앙(아주대),광교중앙,capital,4,0,아주대,37.287738,127.052625
capital_0212,광나루,광나루(장신대),광나루,capital,3,0,장신대,37.545301,127.103478
capital_0213,광명,광명,광명,capital,2,0,,37.415995,126.884523
capital_0214,광명사거리,광명사거리,광명사거리,capital,5,0,,37.47927,126.854854
capital_0215,광운대,광운대,광운대,capital,3,1,,37.623702,127.061928
capital_0216,광화문,광화문(세종문화회관),광화문,capital,3,0,세종문화회관,37.571645,126.976568
capital_0217,광흥창,광흥창(서강),광흥창,capital,3,0,서강,37.547464,126.931971
capital_0218,교대,교대(법원·검찰청),교대,capital,2,1,법원·검찰청,37.493509,127.014114
capital_0219,구래,구래,구래,capital,2,0,,37.645354,126.6285
capital_0220,구로,구로,구로,capital,2,0,,37.503178,126.882037
capital_0221,구로디지털단지,구로디지털단지,구로디지털단지,capital,7,0,,37.485293,126.901456
capital_0222,구룡,구룡,구룡,capital,2,0,,37.486985,127.059496
capital_0223,구리,구리(구리전통시장),구리,capital,2,1,구리전통시장,37.60291,127.142052
capital_0224,구반포,구반포,구반포,capital,3,0,,37.501389,126.987222
capital_0225,구산,구산,구산,capital,2,0,,37.611196,126.917252
capital_0226,구성,구성,구성,capital,2,0,,37.299013,127.105664
capital_0227,구의,구의(광진구청),구의,capital,2,0,광진구청,37.537157,127.086212
capital_0228,구일,구일,구일,capital,2,0,,37.495973,126.869201
capital_0229,구파발,구파발,구파발,capital,3,0,,37.636612,126.918827
capital_0230,국수,국수,국수,capital,2,0,,37.516171,127.399402
capital_0231,국제업무지구,국제업무지구,국제업무지구,capital,6,0,,37.400421,126.630105
capital_0232,국회의사당,국회의사당,국회의사당,capital,5,0,,37.528105,126.917874
capital_0233,군자,군자(능동),군자,capital,2,1,능동,37.557126,127.079521
capital_0234,군포,군포,군포,capital,2,0,,37.353732,126.948517
capital_0235,굴봉산,굴봉산,굴봉산,capital,3,0,,37.832086,127.557732
capital_0236,굴포천,굴포천,굴포천,capital,3,0,,37.50695,126.731481
capital_0237,굽은다리,굽은다리(강동구민회관앞),굽은다리,capital,4,0,강동구민회관앞,37.545442,127.142844
capital_0238,귤현,귤현,귤현,capital,2,0,,37.566362,126.742498
capital_0239,금곡,금곡,금곡,capital,2,0,,37.637414,127.207931
capital_0240,금릉,금릉,금릉,capital,2,0,,37.751295,126.765401
capital_0241,금정,금정,금정,capital,2,1,,37.371957,126.943511
capital_0242,금천구청,금천구청,금천구청,capital,4,0,,37.45576,126.894344
capital_0243,금촌,금촌,금촌,capital,2,0,,37.766106,126.774515
capital_0244,금호,금호,금호,capital,2,0,,37.548269,127.015785
capital_0245,기흥,기흥(백남준아트센터),기흥,capital,2,1,백남준아트센터,37.275555,127.116495
capital_0246,길동,길동,길동,capital,2,0,,37.538022,127.140085
capital_0247,길음,길음,길음,capital,2,0,,37.603387,127.025053
capital_0248,김량장,김량장,김량장,capital,3,0,,37.237324,127.198611
capital_0249,김유정,김유정,김유정,capital,3,0,,37.818475,127.714302
capital_0250,김포공항,김포공항,김포공항,capital,4,1,,37.562154,126.802068
capital_0251,까치산,까치산,까치산,capital,3,0,,37.5322,126.84645
capital_0252,까치울,까치울,까치울,capital,3,0,,37.506236,126.81095
capital_0253,낙성대,낙성대(강감찬),낙성대,capital,3,0,강감찬,37.47713,126.963583
capital_0254,남구로,남구로,남구로,capital,3,0,,37.486181,126.887372
capital_0255,남동구청,남동구청,남동구청,capital,4,0,,37.448179,126.736581
capital_0256,남동인더스파크,남동인더스파크,남동인더스파크,capital,7,0,,37.407668,126.695613
capital_0257,남부터미널,남부터미널(예술의전당),남부터미널,capital,5,0,예술의전당,37.48494,127.016289
capital_0258,남성,남성,남성,capital,2,0,,37.484688,126.971108
capital_0259,남영,남영,남영,capital,2,0,,37.540597,126.971171
capital_0260,남위례,남위례,남위례,capital,3,0,,37.462839,127.139047
capital_0261,남춘천,남춘천,남춘천,capital,3,0,,37.864071,127.723761
capital_0262,남태령,남태령,남태령,capital,3,0,,37.464339,126.989081
capital_0263,남한산성입구,남한산성입구(성남법원·검찰청),남한산성입구,capital,6,0,성남법원·검찰청,37.451568,127.159845
capital_0264,내방,내방,내방,capital,2,0,,37.48764,126.993541
capital_0265,노들,노들,노들,capital,2,0,,37.512726,126.953096
capital_0266,노량진,노량진,노량진,capital,3,1,,37.513869,126.941294
capital_0267,노원,노원,노원,capital,2,1,,37.655376,127.061869
capital_0268,녹번,녹번,녹번,capital,2,0,,37.600882,126.935758
capital_0269,녹사평,녹사평(용산구청),녹사평,capital,3,0,용산구청,37.53469,126.98665
capital_0270,녹양,녹양,녹양,capital,2,0,,37.759416,127.042272
capital_0271,녹천,녹천,녹천,capital,2,0,,37.644599,127.051406
capital_0272,논현,논현,논현,capital,2,1,,37.511112,127.021375
capital_0273,능곡,능곡,능곡,capital,2,1,,37.618741,126.820745
capital_0274,능길,능길,능길,capital,2,1,,37.337488,126.767306
capital_0275,다산,다산,다산,capital,2,0,,37.62437,127.1498
capital_0276,단대오거리,단대오거리,단대오거리,capital,5,0,,37.445057,127.156735
capital_0277,달미,달미,달미,capital,2,0,,37.349,126.809318
capital_0278,달월,달월,달월,capital,2,0,,37.379993,126.745431
capital_0279,답십리,답십리,답십리,capital,3,0,,37.566833,127.05266
capital_0280,당곡,당곡,당곡,capital,2,0,,37.490039,126.927569
capital_0281,당산,당산,당산,capital,2,1,,37.534326,126.902416
capital_0282,당정,당정,당정,capital,2,0,,37.34338,126.948388
capital_0283,대곡,대곡,대곡,capital,2,1,,37.631629,126.810351
capital_0284,대공원,대공원,대공원,capital,3,0,,37.435724,127.006474
capital_0285,대림,대림(구로구청),대림,capital,2,1,구로구청,37.493133,126.895988
capital_0286,대모산입구,대모산입구,대모산입구,capital,5,0,,37.491347,127.072702
capital_0287,대방,대방,대방,capital,2,1,,37.513116,126.925862
capital_0288,대성리,대성리,대성리,capital,3,0,,37.683909,127.379165
capital_0289,대야미,대야미,대야미,capital,3,0,,37.328304,126.917161
capital_0290,대청,대청,대청,capital,2,0,,37.493607,127.079526
capital_0291,대치,대치,대치,capital,2,0,,37.494601,127.063449
capital_0292,대화,대화,대화,capital,2,0,,37.675883,126.747756
capital_0293,대흥,대흥(서강대앞),대흥,capital,2,0,서강대앞,37.547732,126.942214
capital_0294,덕계,덕계,덕계,capital,2,0,,37.818761,127.056676
capital_0295,덕소,덕소,덕소,capital,2,0,,37.586892,127.208835
capital_0296,덕정,덕정,덕정,capital,2,0,,37.843216,127.061511
capital_0297,도곡,도곡,도곡,capital,2,1,,37.491022,127.055543
capital_0298,도농,도농,도농,capital,2,0,,37.608756,127.161105
capital_0299,도림천,도림천,도림천,capital,3,0,,37.514559,126.882586
capital_0300,도봉,도봉,도봉,capital,2,0,,37.679441,127.045521
capital_0301,도봉산,도봉산,도봉산,capital,3,1,,37.689367,127.046298
capital_0302,도심,도심,도심,capital,2,0,,37.579628,127.222798
capital_0303,도원,도원,도원,capital,2,0,,37.468604,126.642824
capital_0304,도화,도화,도화,capital,2,0,,37.466154,126.66846
capital_0305,독립문,독립문,독립문,capital,3,0,,37.574534,126.957902
capital_0306,독바위,독바위,독바위,capital,3,0,,37.618413,126.933035
capital_0307,독산,독산,독산,capital,2,0,,37.465994,126.889508
capital_0308,독정,독정,독정,capital,2,0,,37.584927,126.675981
capital_0309,돌곶이,돌곶이,돌곶이,capital,3,0,,37.610522,127.056419
capital_0310,동구릉,동구릉,동구릉,capital,3,0,,37.610556,127.135056
capital_0311,동대문,동대문,동대문,capital,3,1,,37.571318,127.00997
capital_0312,동대문역사문화공원,동대문역사문화공원(DDP),동대문역사문화공원,capital,9,1,DDP,37.565144,127.007407
capital_0313,동대입구,동대입구,동대입구,capital,4,0,,37.55906,127.005273
capital_0314,동두천,동두천,동두천,capital,3,0,,37.927569,127.054825
capital_0315,동두천중앙,동두천중앙,동두천중앙,capital,5,0,,37.901818,127.056528
capital_0316,동막,동막,동막,capital,2,0,,37.398173,126.673561
capital_0317,동묘앞,동묘앞,동묘앞,capital,3,1,,37.57277,127.016063
capital_0318,동백,동백(용인세브란스),동백,capital,2,0,용인세브란스,37.269101,127.152691
capital_0319,동수,동수,동수,capital,2,0,,37.485409,126.718464
capital_0320,동암,동암,동암,capital,2,0,,37.470835,126.703016
capital_0321,동오,동오,동오,capital,2,0,,37.745191,127.05703
capital_0322,동인천,동인천,동인천,capital,3,0,,37.475414,126.632598
capital_0323,동작,동작(현충원),동작,capital,2,1,현충원,37.503222,126.979225
capital_0324,동천,동천,동천,capital,2,0,,37.338684,127.102794
capital_0325,동춘,동춘,동춘,capital,2,0,,37.404676,126.680835
capital_0326,두정,두정,두정,capital,2,0,,36.833791,127.148905
capital_0327,둔전,둔전,둔전,capital,2,0,,37.267212,127.213639
capital_0328,둔촌동,둔촌동,둔촌동,capital,3,0,,37.527787,127.136219
capital_0329,둔촌오륜,둔촌오륜,둔촌오륜,capital,4,0,,37.519339,127.138619
capital_0330,등촌,등촌,등촌,capital,2,0,,37.551111,126.864722
capital_0331,디지털미디어시티,디지털미디어시티,디지털미디어시티,capital,8,1,,37.577133,126.89993
capital_0332,뚝섬,뚝섬,뚝섬,capital,2,0,,37.54718,127.047413
capital_0333,마곡,마곡,마곡,capital,2,0,,37.55865,126.837693
capital_0334,마곡나루,마곡나루(서울식물원),마곡나루,capital,4,1,서울식물원,37.566268,126.827621
capital_0335,마두,마두,마두,capital,2,0,,37.652185,126.777641
capital_0336,마들,마들,마들,capital,2,0,,37.664985,127.057701
capital_0337,마산,마산,마산,capital,2,0,,37.640606,126.643944
capital_0338,마석,마석,마석,capital,2,0,,37.652328,127.311713
capital_0339,마장,마장,마장,capital,2,0,,37.566066,127.042921
capital_0340,마전,마전,마전,capital,2,0,,37.597756,126.667195
capital_0341,마천,마천,마천,capital,2,0,,37.494972,127.152784
capital_0342,마포,마포,마포,capital,2,0,,37.539718,126.946043
capital_0343,마포구청,마포구청,마포구청,capital,4,0,,37.563529,126.903356
capital_0344,만수,만수,만수,capital,2,0,,37.454962,126.731764
capital_0345,망우,망우,망우,capital,2,1,,37.599638,127.092174
capital_0346,망원,망원,망원,capital,2,0,,37.556031,126.910129
capital_0347,망월사,망월사,망월사,capital,3,0,,37.710499,127.047361
capital_0348,망포,망포,망포,capital,2,0,,37.245793,127.057367
capital_0349,매교,매교,매교,capital,2,0,,37.265502,127.015657
capital_0350,매봉,매봉,매봉,capital,2,0,,37.487114,127.046907
capital_0351,매탄권선,매탄권선,매탄권선,capital,4,0,,37.252458,127.040824
capital_0352,먹골,먹골,먹골,capital,2,0,,37.610638,127.077719
capital_0353,면목,면목,면목,capital,2,0,,37.588671,127.087503
capital_0354,명동,명동,명동,capital,2,0,,37.560955,126.986271
capital_0355,명일,명일,명일,capital,2,0,,37.551317,127.144002
capital_0356,명지대,명지대,명지대,capital,3,0,,37.238076,127.190291
capital_0357,명학,명학,명학,capital,2,0,,37.384435,126.935579
capital_0358,모란,모란,모란,capital,2,1,,37.433056,127.129492
capital_0359,모래내시장,모래내시장,모래내시장,capital,5,0,,37.455842,126.719578
capital_0360,목동,목동,목동,capital,2,0,,37.526088,126.864296
capital_0361,몽촌토성,몽촌토성(평화의문),몽촌토성,capital,4,0,평화의문,37.517692,127.11274
capital_0362,무악재,무악재,무악재,capital,3,0,,37.582658,126.950131
capital_0363,문래,문래,문래,capital,2,0,,37.517993,126.894766
capital_0364,문산,문산,문산,capital,2,0,,37.854565,126.787531
capital_0365,문정,문정,문정,capital,2,0,,37.485931,127.122473
capital_0366,문학경기장,문학경기장,문학경기장,capital,5,0,,37.434964,126.698373
capital_0367,미금,미금,미금,capital,2,1,,37.350631,127.108927
capital_0368,미사,미사,미사,capital,2,0,,37.56309,127.192954
capital_0369,미아,미아(서울사이버대학),미아,capital,2,0,서울사이버대학,37.626435,127.026151
capital_0370,미아사거리,미아사거리,미아사거리,capital,5,0,,37.613276,127.030083
capital_0371,박촌,박촌,박촌,capital,2,0,,37.553525,126.744946
capital_0372,반월,반월,반월,capital,2,0,,37.312244,126.903684
capital_0373,반포,반포,반포,capital,2,0,,37.508171,127.011717
capital_0374,발곡,발곡,발곡,capital,2,0,,37.726983,127.052889
capital_0375,발산,발산,발산,capital,2,0,,37.558692,126.837633
capital_0376,방배,방배,방배,capital,2,0,,37.481469,126.997627
capital_0377,방이,방이,방이,capital,2,0,,37.508752,127.126054
capital_0378,방학,방학,방학,capital,2,0,,37.667471,127.044295
capital_0379,방화,방화,방화,capital,2,0,,37.577669,126.812822
capital_0380,배방,배방,배방,capital,2,0,,36.777541,127.052751
capital_0381,백마,백마,백마,capital,2,1,,37.658346,126.794401
capital_0382,백석,백석,백석,capital,2,0,,37.642973,126.788109
capital_0383,백양리,백양리,백양리,capital,3,0,,37.830881,127.589085
capital_0384,백운,백운,백운,capital,2,0,,37.483301,126.707179
capital_0385,버티고개,버티고개,버티고개,capital,4,0,,37.547933,127.006948
capital_0386,범계,범계,범계,capital,2,0,,37.389783,126.950752
capital_0387,범골,범골,범골,capital,2,0,,37.728728,127.04372
capital_0388,별내,별내,별내,capital,2,1,,37.642369,127.127254
capital_0389,별내별가람,별내별가람,별내별가람,capital,5,0,,37.667833,127.116167
capital_0390,병점,병점,병점,capital,2,0,,37.206821,127.033268
capital_0391,보라매,보라매,보라매,capital,3,1,,37.500114,126.920299
capital_0392,보라매공원,보라매공원,보라매공원,capital,5,0,,37.495225,126.918259
capital_0393,보라매병원,보라매병원,보라매병원,capital,5,0,,37.492961,126.923886
capital_0394,보문,보문,보문,capital,2,1,,37.585468,127.019556
capital_0395,보산,보산,보산,capital,2,0,,37.914268,127.057134
capital_0396,보정,보정,보정,capital,2,0,,37.31274,127.108219
capital_0397,보평,보평,보평,capital,2,0,,37.258964,127.218481
capital_0398,복정,복정,복정,capital,2,1,,37.470384,127.126687
capital_0399,봉명,봉명,봉명,capital,2,0,,36.801578,127.136319
capital_0400,봉은사,봉은사,봉은사,capital,3,0,,37.514219,127.060245
capital_0401,봉천,봉천,봉천,capital,2,0,,37.482416,126.941696
capital_0402,봉화산,봉화산(서울의료원),봉화산,capital,3,0,서울의료원,37.617429,127.091233
capital_0403,부개,부개,부개,capital,2,0,,37.488479,126.740549
capital_0404,부발,부발,부발,capital,2,0,,37.260411,127.490303
capital_0405,부천,부천,부천,capital,2,0,,37.484066,126.782779
capital_0406,부천시청,부천시청,부천시청,capital,4,0,,37.504611,126.763561
capital_0407,부천종합운동장,부천종합운동장,부천종합운동장,capital,7,1,,37.505617,126.797424
capital_0408,부평,부평,부평,capital,2,1,,37.489999,126.72401
capital_0409,부평구청,부평구청,부평구청,capital,4,1,,37.508145,126.720951
capital_0410,부평삼거리,부평삼거리,부평삼거리,capital,5,0,,37.478267,126.710494
capital_0411,부평시장,부평시장,부평시장,capital,4,0,,37.498495,126.722282
capital_0412,북한산보국문,북한산보국문,북한산보국문,capital,6,0,,37.61233,127.00816
capital_0413,북한산우이,북한산우이,북한산우이,capital,5,0,,37.66284,127.01272
capital_0414,불광,불광,불광,capital,2,1,,37.610537,126.929844
capital_0415,불암산,불암산,불암산,capital,3,0,,37.67009,127.079004
capital_0416,사가정,사가정,사가정,capital,3,0,,37.580912,127.088502
capital_0417,사당,사당,사당,capital,2,1,,37.476399,126.981633
capital_0418,사릉,사릉,사릉,capital,2,0,,37.651145,127.176839
capital_0419,사리,사리,사리,capital,2,0,,37.290809,126.857172
capital_0420,사우,사우,사우,capital,2,0,,37.620361,126.719722
capital_0421,사평,사평,사평,capital,2,0,,37.504161,127.015219
capital_0422,산곡,산곡,산곡,capital,2,0,,37.508547,126.70351
capital_0423,산본,산본,산본,capital,2,0,,37.358019,126.932969
capital_0424,산성,산성,산성,capital,2,0,,37.456886,127.149927
capital_0425,삼가,삼가,삼가,capital,2,0,,37.24206,127.16818
capital_0426,삼각지,삼각지(전쟁기념관),삼각지,capital,3,1,전쟁기념관,37.53501,126.973494
capital_0427,삼동,삼동,삼동,capital,2,0,,37.408731,127.203447
capital_0428,삼산체육관,삼산체육관,삼산체육관,capital,5,0,,37.506431,126.742081
capital_0429,삼성,삼성(무역센터),삼성,capital,2,0,무역센터,37.508827,127.063203
capital_0430,삼성중앙,삼성중앙,삼성중앙,capital,4,0,,37.513011,127.053282
capital_0431,삼송,삼송,삼송,capital,2,0,,37.653096,126.895559
capital_0432,삼양,삼양,삼양,capital,2,0,,37.62706,127.01817
capital_0433,삼양사거리,삼양사거리,삼양사거리,capital,5,0,,37.62144,127.02049
capital_0434,삼전,삼전,삼전,capital,2,0,,37.504531,127.087211
capital_0435,상갈,상갈,상갈,capital,2,0,,37.261797,127.108718
capital_0436,상계,상계,상계,capital,2,0,,37.660576,127.073199
capital_0437,상도,상도,상도,capital,2,0,,37.50279,126.947949
capital_0438,상동,상동,상동,capital,2,0,,37.505769,126.753081
capital_0439,상록수,상록수,상록수,capital,3,0,,37.302845,126.866533
capital_0440,상봉,상봉,상봉,capital,2,1,,37.595894,127.085705
capital_0441,상수,상수,상수,capital,2,0,,37.547704,126.92292
capital_0442,상왕십리,상왕십리,상왕십리,capital,4,0,,37.564444,127.029322
capital_0443,상월곡,상월곡(한국과학기술연구원),상월곡,capital,3,0,한국과학기술연구원,37.606392,127.048509
capital_0444,상일동,상일동,상일동,capital,3,0,,37.556714,127.166381
capital_0445,상천,상천,상천,capital,2,0,,37.770305,127.4542
capital_0446,상현,상현,상현,capital,2,0,,37.298685,127.06958
capital_0447,새말,새말,새말,capital,2,0,,37.748899,127.063869
capital_0448,새절,새절(신사),새절,capital,2,0,신사,37.591148,126.913613
capital_0449,샛강,샛강,샛강,capital,2,1,,37.51726,126.928902
capital_0450,서강대,서강대,서강대,capital,3,0,,37.552132,126.935389
capital_0451,서구청,서구청,서구청,capital,3,0,,37.543839,126.676795
capital_0452,서대문,서대문,서대문,capital,3,0,,37.565812,126.966639
capital_0453,서동탄,서동탄,서동탄,capital,3,0,,37.195675,127.051893
capital_0454,서부여성회관,서부여성회관,서부여성회관,capital,6,0,,37.500298,126.675875
capital_0455,서빙고,서빙고,서빙고,capital,3,0,,37.51961,126.988358
capital_0456,서울역,서울역,서울,capital,3,1,,37.554688,126.97149
capital_0457,서울대벤처타운,서울대벤처타운,서울대벤처타운,capital,7,0,,37.472041,126.933977
capital_0458,서울대입구,서울대입구(관악구청),서울대입구,capital,5,0,관악구청,37.481233,126.952745
capital_0459,서울숲,서울숲,서울숲,capital,3,0,,37.543647,127.044686
capital_0460,서울지방병무청,서울지방병무청,서울지방병무청,capital,7,0,,37.506047,126.922783
capital_0461,서원,서원,서원,capital,2,0,,37.478273,126.933228
capital_0462,서정리,서정리,서정리,capital,3,0,,37.056459,127.052844
capital_0463,서초,서초,서초,capital,2,0,,37.49191,127.007685
capital_0464,서현,서현,서현,capital,2,0,,37.384931,127.123249
capital_0465,석계,석계,석계,capital,2,1,,37.615071,127.065758
capital_0466,석남,석남(거북시장),석남,capital,2,1,거북시장,37.506709,126.676259
capital_0467,석바위시장,석바위시장,석바위시장,capital,5,0,,37.457659,126.692387
capital_0468,석수,석수,석수,capital,2,0,,37.435161,126.902233
capital_0469,석천사거리,석천사거리,석천사거리,capital,5,0,,37.456932,126.710383
capital_0470,석촌,석촌,석촌,capital,2,1,,37.505237,127.106969
capital_0471,석촌고분,석촌고분,석촌고분,capital,4,0,,37.502439,127.096611
capital_0472,선릉,선릉,선릉,capital,2,1,,37.504368,127.048558
capital_0473,선바위,선바위,선바위,capital,3,0,,37.451854,127.002164
capital_0474,선부,선부,선부,capital,2,0,,37.33459,126.81
capital_0475,선유도,선유도,선유도,capital,3,0,,37.537778,126.893889
capital_0476,선정릉,선정릉,선정릉,capital,3,1,,37.510528,127.043738
capital_0477,선학,선학,선학,capital,2,0,,37.426985,126.698872
capital_0478,성균관대,성균관대,성균관대,capital,4,0,,37.300344,126.970861
capital_0479,성남,성남,성남,capital,2,0,,37.394709,127.11949
capital_0480,성복,성복,성복,capital,2,0,,37.314043,127.080758
capital_0481,성수,성수,성수,capital,2,0,,37.544628,127.055983
capital_0482,성신여대입구,성신여대입구(돈암),성신여대입구,capital,6,1,돈암,37.592676,127.016734
capital_0483,성환,성환,성환,capital,2,0,,36.915781,127.127007
capital_0484,세류,세류,세류,capital,2,0,,37.244102,127.013772
capital_0485,세마,세마,세마,capital,2,0,,37.187288,127.043279
capital_0486,세종대왕릉,세종대왕릉,세종대왕릉,capital,5,0,,37.293636,127.570764
capital_0487,센트럴파크,센트럴파크,센트럴파크,capital,5,0,,37.392833,126.635002
capital_0488,소래포구,소래포구,소래포구,capital,4,0,,37.400963,126.733533
capital_0489,소사,소사,소사,capital,2,1,,37.482755,126.79536
capital_0490,소새울,소새울,소새울,capital,3,0,,37.468505,126.797228
capital_0491,소요산,소요산,소요산,capital,3,0,,37.948608,127.061007
capital_0492,솔밭공원,솔밭공원,솔밭공원,capital,4,0,,37.65607,127.01326
capital_0493,솔샘,솔샘,솔샘,capital,2,0,,37.62037,127.01357
capital_0494,송내,송내,송내,capital,2,0,,37.487626,126.753045
capital_0495,송도,송도,송도,capital,2,0,,37.429714,126.654486
capital_0496,송도달빛축제공원,송도달빛축제공원,송도달빛축제공원,capital,8,0,,37.406875,126.626054
capital_0497,송산,송산,송산,capital,2,0,,37.73717,127.087276
capital_0498,송정,송정,송정,capital,2,0,,37.561201,126.812052
capital_0499,송탄,송탄,송탄,capital,2,0,,37.075376,127.054397
capital_0500,송파,송파,송파,capital,2,0,,37.49978,127.11212
capital_0501,송파나루,송파나루,송파나루,capital,4,0,,37.51055,127.112451
capital_0502,수내,수내,수내,capital,2,0,,37.378435,127.114216
capital_0503,수락산,수락산,수락산,capital,3,0,,37.677804,127.055314
capital_0504,수리산,수리산,수리산,capital,3,0,,37.350297,126.925537
capital_0505,수색,수색,수색,capital,2,0,,37.580855,126.895681
capital_0506,수서,수서,수서,capital,2,1,,37.487566,127.101521
capital_0507,수원,수원역(분당),수원,capital,3,1,분당,37.266162,126.999952
capital_0508,수원시청,수원시청,수원시청,capital,4,0,,37.261941,127.030736
capital_0509,수유,수유(강북구청),수유,capital,2,0,강북구청,37.637727,127.025371
capital_0510,수지구청,수지구청,수지구청,capital,4,0,,37.323009,127.095581
capital_0511,수진,수진,수진,capital,2,0,,37.437575,127.140936
capital_0512,숙대입구,숙대입구(갈월),숙대입구,capital,4,0,갈월,37.544783,126.9721
capital_0513,숭실대입구,숭실대입구(살피재),숭실대입구,capital,5,0,살피재,37.496258,126.953649
capital_0514,숭의,숭의,숭의,capital,2,0,,37.460891,126.638035
capital_0515,시민공원,시민공원,시민공원,capital,4,0,,37.458339,126.681009
capital_0516,시우,시우,시우,capital,2,0,,37.313097,126.795503
capital_0517,시청,시청,시청,capital,2,1,,37.564372,126.976239
capital_0518,시청·용인대,시청·용인대,시청용인대,capital,5,0,,37.239442,127.178885
capital_0519,시흥능곡,시흥능곡,시흥능곡,capital,4,0,,37.36999,126.808594
capital_0520,시흥대야,시흥대야,시흥대야,capital,4,0,,37.450479,126.793142
capital_0521,시흥시청,시흥시청,시흥시청,capital,4,0,,37.381411,126.805946
capital_0522,신갈,신갈,신갈,capital,2,0,,37.286127,127.111311
capital_0523,신검단중앙,신검단중앙,신검단중앙,capital,5,0,,37.6026,126.698611
capital_0524,신금호,신금호,신금호,capital,3,0,,37.554504,127.020403
capital_0525,신길,신길,신길,capital,2,1,,37.517324,126.916314
capital_0526,신내,신내,신내,capital,2,1,,37.612713,127.103802
capital_0527,신논현,신논현,신논현,capital,3,1,,37.5045,127.024474
capital_0528,신답,신답,신답,capital,2,0,,37.569847,127.047048
capital_0529,신당,신당,신당,capital,2,1,,37.565924,127.017792
capital_0530,신대방,신대방,신대방,capital,3,0,,37.487604,126.913479
capital_0531,신대방삼거리,신대방삼거리,신대방삼거리,capital,6,0,,37.499717,126.928218
capital_0532,신도림,신도림,신도림,capital,3,1,,37.508899,126.891368
capital_0533,신둔도예촌,신둔도예촌,신둔도예촌,capital,5,0,,37.315499,127.405251
capital_0534,신림,신림,신림,capital,2,1,,37.484553,126.929591
capital_0535,신목동,신목동,신목동,capital,3,0,,37.544167,126.883056
capital_0536,신반포,신반포,신반포,capital,3,0,,37.503503,126.996044
capital_0537,신방화,신방화,신방화,capital,3,0,,37.5675,126.816667
capital_0538,신사,신사,신사,capital,2,1,,37.516282,127.020004
capital_0539,신설동,신설동,신설동,capital,3,1,,37.575787,127.024363
capital_0540,신연수,신연수,신연수,capital,3,0,,37.418032,126.693853
capital_0541,신용산,신용산,신용산,capital,3,0,,37.52909,126.96788
capital_0542,신원,신원,신원,capital,2,0,,37.525921,127.372745
capital_0543,신이문,신이문,신이문,capital,3,0,,37.601829,127.067347
capital_0544,신정,신정(은행정),신정,capital,2,0,은행정,37.525001,126.856176
capital_0545,신정네거리,신정네거리,신정네거리,capital,5,0,,37.520218,126.852849
capital_0546,신중동,신중동,신중동,capital,3,0,,37.503081,126.776161
capital_0547,신창,신창(순천향대)역,신창,capital,3,0,순천향대,36.769213,126.950129
capital_0548,신천,신천,신천,capital,2,0,,37.439115,126.786835
capital_0549,신촌,신촌(지하),신촌,capital,2,0,,37.555153,126.93689
capital_0550,신촌,신촌(지하),신촌,capital,2,0,,37.559768,126.942308
capital_0551,신포,신포,신포,capital,2,0,,37.468442,126.624509
capital_0552,신풍,신풍,신풍,capital,2,0,,37.500107,126.909806
capital_0553,신현,신현,신현,capital,2,0,,37.40914,126.78788
capital_0554,신흥,신흥,신흥,capital,2,0,,37.440952,127.14759
capital_0555,쌍문,쌍문,쌍문,capital,2,0,,37.648274,127.034381
capital_0556,쌍용,쌍용(나사렛대)역,쌍용,capital,3,0,나사렛대,36.793745,127.121363
capital_0557,아라,"아라(북부법원, 검찰청)",아라,capital,2,0,"북부법원, 검찰청",37.592222,126.713333
capital_0558,아산,아산,아산,capital,2,0,,36.792195,127.104384
capital_0559,아시아드경기장,아시아드경기장,아시아드경기장,capital,7,0,,37.551373,126.677075
capital_0560,아신,아신,아신,capital,2,0,,37.513954,127.443238
capital_0561,아차산,아차산(어린이대공원후문),아차산,capital,3,0,어린이대공원후문,37.552005,127.089609
capital_0562,아현,아현,아현,capital,2,0,,37.557407,126.956079
capital_0563,안국,안국,안국,capital,2,0,,37.576562,126.98547
capital_0564,안산,안산,안산,capital,2,1,,37.327006,126.788748
capital_0565,안암,안암(고대병원앞),안암,capital,2,0,고대병원앞,37.586261,127.02903
capital_0566,안양,안양,안양,capital,2,0,,37.401929,126.922647
capital_0567,암사,암사,암사,capital,2,0,,37.550127,127.127521
capital_0568,암사역사공원,암사역사공원,암사역사공원,capital,6,0,,37.557167,127.137556
capital_0569,압구정,압구정,압구정,capital,3,0,,37.526169,127.028502
capital_0570,압구정로데오,압구정로데오,압구정로데오,capital,6,0,,37.527385,127.040555
capital_0571,애오개,애오개,애오개,capital,3,0,,37.553592,126.956733
capital_0572,야당,야당,야당,capital,2,0,,37.712749,126.761535
capital_0573,야목,야목,야목,capital,2,0,,37.261211,126.884029
capital_0574,야탑,야탑,야탑,capital,2,0,,37.41132,127.128661
capital_0575,약수,약수,약수,capital,2,1,,37.554321,127.010548
capital_0576,양수,양수,양수,capital,2,0,,37.545998,127.328948
capital_0577,양원,양원,양원,capital,2,0,,36.963729,129.091321
capital_0578,양재,양재(서초구청),양재,capital,2,1,서초구청,37.484517,127.034165
capital_0579,양재시민의숲,양재시민의숲(매헌),양재시민의숲,capital,6,0,매헌,37.470964,127.03842
capital_0580,양정,양정,양정,capital,2,0,,37.604269,127.194602
capital_0581,양주,양주,양주,capital,2,0,,37.774281,127.044719
capital_0582,양천구청,양천구청,양천구청,capital,4,0,,37.512329,126.865593
capital_0583,양천향교,양천향교,양천향교,capital,4,0,,37.568333,126.841389
capital_0584,양촌,양촌,양촌,capital,2,0,,37.641639,126.614694
capital_0585,양평,양평,양평,capital,2,0,,37.525614,126.886177
capital_0586,양평,양평,양평,capital,2,0,,37.492674,127.491858
capital_0587,어룡,어룡,어룡,capital,2,0,,37.742722,127.085205
capital_0588,어린이대공원,어린이대공원(세종대),어린이대공원,capital,6,0,세종대,37.547962,127.07465
capital_0589,어정,어정,어정,capital,2,0,,37.274951,127.14375
capital_0590,어천,어천,어천,capital,2,0,,37.250076,126.908805
capital_0591,언주,언주,언주,capital,2,0,,37.507287,127.033868
capital_0592,여의나루,여의나루,여의나루,capital,4,0,,37.527045,126.932807
capital_0593,여의도,여의도,여의도,capital,3,1,,37.521711,126.924242
capital_0594,여주,여주,여주,capital,2,0,,37.282881,127.628571
capital_0595,역곡,역곡,역곡,capital,2,0,,37.48514,126.811622
capital_0596,역삼,역삼,역삼,capital,2,0,,37.500658,127.03643
capital_0597,역촌,역촌,역촌,capital,2,0,,37.60605,126.922764
capital_0598,연수,연수,연수,capital,2,0,,37.417769,126.678991
capital_0599,연신내,연신내,연신내,capital,3,1,,37.618889,126.920681
capital_0600,연천,연천,연천,capital,2,0,,38.100485,127.07368
capital_0601,염창,염창,염창,capital,2,0,,37.546944,126.874722
capital_0602,영등포,영등포,영등포,capital,3,0,,37.515756,126.907411
capital_0603,영등포구청,영등포구청,영등포구청,capital,5,1,,37.524987,126.895825
capital_0604,영등포시장,영등포시장,영등포시장,capital,5,0,,37.52276,126.905143
capital_0605,영종,영종,영종,capital,2,0,,37.512098,126.524247
capital_0606,영통,영통,영통,capital,2,0,,37.251521,127.071341
capital_0607,예술회관,예술회관,예술회관,capital,4,0,,37.449334,126.700991
capital_0608,오금,오금,오금,capital,2,1,,37.502258,127.128023
capital_0609,오남,오남,오남,capital,2,0,,37.705406,127.191644
capital_0610,오류동,오류동,오류동,capital,3,0,,37.4944,126.844551
capital_0611,오리,오리,오리,capital,2,0,,37.339832,127.108985
capital_0612,오목교,오목교(목동운동장앞),오목교,capital,3,0,목동운동장앞,37.524557,126.875049
capital_0613,오목천,오목천,오목천,capital,3,0,,37.243011,126.963635
capital_0614,오빈,오빈,오빈,capital,2,0,,37.506061,127.474053
capital_0615,오산,오산,오산,capital,2,0,,37.145472,127.066708
capital_0616,오산대,오산대,오산대,capital,3,0,,37.169401,127.063081
capital_0617,오이도,오이도,오이도,capital,3,1,,37.361773,126.738437
capital_0618,옥수,옥수,옥수,capital,2,1,,37.541083,127.018
capital_0619,온수,온수(성공회대입구),온수,capital,2,1,성공회대입구,37.492163,126.823346
capital_0620,온양온천,온양온천,온양온천,capital,4,0,,36.780419,127.003707
capital_0621,올림픽공원,올림픽공원(한국체대),올림픽공원,capital,5,1,한국체대,37.516164,127.130645
capital_0622,완정,완정,완정,capital,2,0,,37.592867,126.672961
capital_0623,왕길,왕길,왕길,capital,2,0,,37.595019,126.642284
capital_0624,왕십리,왕십리(성동구청),왕십리,capital,3,1,성동구청,37.5615,127.037859
capital_0625,외대앞,외대앞,외대앞,capital,3,0,,37.596157,127.063572
capital_0626,용답,용답,용답,capital,2,0,,37.562066,127.050879
capital_0627,용두,용두(동대문구청),용두,capital,2,0,동대문구청,37.574012,127.03811
capital_0628,용마산,용마산(용마폭포공원),용마산,capital,3,0,용마폭포공원,37.573752,127.086802
capital_0629,용문,용문,용문,capital,2,0,,37.482085,127.594251
capital_0630,용산,용산,용산,capital,2,1,,37.52989,126.964775
capital_0631,용인중앙시장,용인중앙시장(용인예술과학대),용인중앙시장,capital,6,0,용인예술과학대,37.237911,127.209053
capital_0632,우장산,우장산,우장산,capital,3,0,,37.548864,126.83633
capital_0633,운길산,운길산,운길산,capital,3,0,,37.554659,127.310089
capital_0634,운서,운서,운서,capital,2,0,,37.492845,126.493662
capital_0635,운양,운양,운양,capital,2,0,,37.653861,126.683833
capital_0636,운연,운연,운연,capital,2,0,,37.439533,126.759609
capital_0637,운정,운정,운정,capital,2,0,,37.725441,126.767076
capital_0638,운천,운천,운천,capital,2,0,,37.880008,126.769713
capital_0639,원당,원당,원당,capital,2,0,,37.653103,126.842891
capital_0640,원덕,원덕,원덕,capital,2,0,,37.468585,127.547468
capital_0641,원시,원시,원시,capital,2,0,,37.302654,126.78679
capital_0642,원인재,원인재,원인재,capital,3,1,,37.412642,126.687422
capital_0643,원종,원종,원종,capital,2,0,,37.524063,126.804839
capital_0644,원흥,원흥,원흥,capital,2,0,,37.650709,126.873239
capital_0645,월계,월계,월계,capital,2,0,,37.633114,127.058835
capital_0646,월곡,월곡(동덕여대),월곡,capital,2,0,동덕여대,37.60192,127.041492
capital_0647,월곶,월곶,월곶,capital,2,0,,37.39189,126.742741
capital_0648,월드컵경기장,월드컵경기장(성산),월드컵경기장,capital,6,0,성산,37.569439,126.899077
capital_0649,월롱,월롱,월롱,capital,2,0,,37.796201,126.792574
capital_0650,을지로3가,을지로3가,을지로3가,capital,4,1,,37.566295,126.991744
capital_0651,을지로4가,을지로4가,을지로4가,capital,4,1,,37.566946,126.997874
capital_0652,을지로입구,을지로입구,을지로입구,capital,5,0,,37.565998,126.982569
capital_0653,응봉,응봉,응봉,capital,2,0,,37.550433,127.034824
capital_0654,응암,응암,응암,capital,2,0,,37.59859,126.915583
capital_0655,의왕,의왕,의왕,capital,2,0,,37.320648,126.948099
capital_0656,의정부,의정부,의정부,capital,3,0,,37.73873,127.045891
capital_0657,의정부시청,의정부시청,의정부시청,capital,5,0,,37.739249,127.034854
capital_0658,의정부중앙,의정부중앙,의정부중앙,capital,5,0,,37.743719,127.049633
capital_0659,이대,이대,이대,capital,2,0,,37.556734,126.945897
capital_0660,이매,이매,이매,capital,2,1,,37.395291,127.12766
capital_0661,이수,이수,이수,capital,2,1,,37.485258,126.981766
capital_0662,이천,이천,이천,capital,2,0,,37.264222,127.442135
capital_0663,이촌,이촌(국립중앙박물관),이촌,capital,2,1,국립중앙박물관,37.525833,126.970899
capital_0664,이태원,이태원,이태원,capital,3,0,,37.534485,126.994369
capital_0665,인덕원,인덕원,인덕원,capital,3,0,,37.401901,126.976718
capital_0666,인천,인천,인천,capital,2,1,,37.476364,126.61718
capital_0667,인천가좌,인천가좌,인천가좌,capital,4,0,,37.489962,126.675284
capital_0668,인천공항1터미널,인천공항1터미널,인천공항1터미널,capital,7,0,,37.447607,126.452343
capital_0669,인천공항2터미널,인천공항2터미널,인천공항2터미널,capital,7,0,,37.46866,126.433415
capital_0670,인천논현,인천논현,인천논현,capital,4,0,,37.400641,126.722495
capital_0671,인천대공원,인천대공원,인천대공원,capital,5,0,,37.448475,126.753051
capital_0672,인천대입구,인천대입구,인천대입구,capital,5,0,,37.386239,126.639351
capital_0673,인천시청,인천시청,인천시청,capital,4,1,,37.457259,126.70187
capital_0674,인천터미널,인천터미널,인천터미널,capital,5,0,,37.441917,126.699727
capital_0675,인하대,인하대,인하대,capital,3,0,,37.448191,126.649832
capital_0676,일산,일산,일산,capital,2,1,,37.682231,126.769521
capital_0677,일원,일원,일원,capital,2,0,,37.48389,127.08416
capital_0678,임진강,임진강,임진강,capital,3,0,,37.888364,126.746777
capital_0679,임학,임학,임학,capital,2,0,,37.545058,126.738642
capital_0680,자양,자양(뚝섬한강공원),자양,capital,2,0,뚝섬한강공원,37.531558,127.066714
capital_0681,작전,작전,작전,capital,2,0,,37.530271,126.722548
capital_0682,잠실,잠실(송파구청),잠실,capital,2,1,송파구청,37.513977,127.102198
capital_0683,잠실나루,잠실나루,잠실나루,capital,4,0,,37.520688,127.103836
capital_0684,잠실새내,잠실새내,잠실새내,capital,4,0,,37.511653,127.086224
capital_0685,잠원,잠원,잠원,capital,2,0,,37.512989,127.011613
capital_0686,장기,장기,장기,capital,2,0,,37.644028,126.669
capital_0687,장승배기,장승배기,장승배기,capital,4,0,,37.504845,126.939025
capital_0688,장암,장암,장암,capital,2,0,,37.70015,127.053126
capital_0689,장자호수공원,장자호수공원,장자호수공원,capital,6,0,,37.587222,127.13793
capital_0690,장지,장지,장지,capital,2,0,,37.478609,127.126229
capital_0691,장한평,장한평,장한평,capital,3,0,,37.561438,127.064601
capital_0692,전곡,전곡,전곡,capital,2,0,,38.024041,127.071913
capital_0693,전대·에버랜드,전대·에버랜드,전대에버랜드,capital,6,0,,37.285413,127.219509
capital_0694,정릉,정릉,정릉,capital,2,0,,37.60278,127.01345
capital_0695,정발산,정발산,정발산,capital,3,0,,37.659709,126.773254
capital_0696,정부과천청사,정부과천청사,정부과천청사,capital,6,0,,37.426445,126.989802
capital_0697,정왕,정왕,정왕,capital,2,1,,37.351816,126.742844
capital_0698,정자,정자,정자,capital,2,1,,37.367124,127.108238
capital_0699,제기동,제기동,제기동,capital,3,0,,37.578116,127.034902
capital_0700,제물포,제물포,제물포,capital,3,0,,37.466809,126.657165
capital_0701,종각,종각,종각,capital,2,0,,37.570203,126.983116
capital_0702,종로3가,종로3가(탑골공원),종로3가,capital,3,1,탑골공원,37.571504,126.99146
capital_0703,종로5가,종로5가,종로5가,capital,3,0,,37.570971,127.0019
capital_0704,종합운동장,종합운동장,종합운동장,capital,5,1,,37.511142,127.075379
capital_0705,주안,주안,주안,capital,2,1,,37.465105,126.680148
capital_0706,주안국가산단,주안국가산단,주안국가산단,capital,6,0,,37.473599,126.681102
capital_0707,주엽,주엽,주엽,capital,2,0,,37.670138,126.761232
capital_0708,죽전,죽전,죽전,capital,2,0,,37.324575,127.107385
capital_0709,중계,중계,중계,capital,2,0,,37.645052,127.064084
capital_0710,중곡,중곡,중곡,capital,2,0,,37.565877,127.084291
capital_0711,중동,중동,중동,capital,2,0,,37.486664,126.764474
capital_0712,중랑,중랑,중랑,capital,2,1,,37.594948,127.076152
capital_0713,중앙,중앙,중앙,capital,2,1,,37.316055,126.838532
capital_0714,중앙보훈병원,중앙보훈병원,중앙보훈병원,capital,6,0,,37.528807,127.148488
capital_0715,중화,중화,중화,capital,2,0,,37.602604,127.079254
capital_0716,증미,증미,증미,capital,2,0,,37.55785,126.861067
capital_0717,증산,증산(명지대앞),증산,capital,2,0,명지대앞,37.583989,126.909785
capital_0718,지석,지석,지석,capital,2,0,,37.269737,127.136326
capital_0719,지식정보단지,지식정보단지,지식정보단지,capital,6,0,,37.378021,126.645412
capital_0720,지축,지축,지축,capital,2,0,,37.648133,126.913748
capital_0721,지평,지평,지평,capital,2,0,,37.476496,127.629681
capital_0722,지행,지행,지행,capital,2,0,,37.892361,127.055734
capital_0723,직산,직산,직산,capital,2,0,,36.870921,127.143774
capital_0724,진위,진위,진위,capital,2,0,,37.109771,127.062342
capital_0725,진접,진접,진접,capital,2,0,,37.720472,127.203167
capital_0726,창동,창동,창동,capital,2,1,,37.653248,127.047984
capital_0727,창신,창신,창신,capital,2,0,,37.579772,127.015246
capital_0728,천마산,천마산,천마산,capital,3,0,,37.658995,127.285731
capital_0729,천안,천안,천안,capital,2,0,,36.810238,127.146417
capital_0730,천왕,천왕,천왕,capital,2,0,,37.486699,126.838684
capital_0731,천호,천호(풍납토성),천호,capital,2,1,풍납토성,37.538243,127.123359
capital_0732,철산,철산,철산,capital,2,0,,37.47616,126.868217
capital_0733,청계산입구,청계산입구,청계산입구,capital,5,0,,37.448715,127.05434
capital_0734,청구,청구,청구,capital,2,1,,37.560229,127.013783
capital_0735,청담,청담,청담,capital,2,0,,37.519097,127.051851
capital_0736,청라국제도시,청라국제도시,청라국제도시,capital,6,0,,37.556509,126.624725
capital_0737,청량리,청량리(서울시립대입구),청량리,capital,3,1,서울시립대입구,37.580245,127.046909
capital_0738,청명,청명,청명,capital,2,0,,37.259485,127.078945
capital_0739,청산,청산,청산,capital,2,0,,37.995138,127.074097
capital_0740,청평,청평,청평,capital,2,0,,37.735484,127.426541
capital_0741,초당,초당,초당,capital,2,0,,37.260806,127.159469
capital_0742,초월,초월,초월,capital,2,0,,37.373389,127.299996
capital_0743,초지,초지,초지,capital,2,1,,37.320416,126.806784
capital_0744,총신대입구,총신대입구(이수),총신대입구,capital,5,1,이수,37.48639,126.982037
capital_0745,춘의,춘의,춘의,capital,2,0,,37.50365,126.787069
capital_0746,춘천,춘천,춘천,capital,2,0,,37.884391,127.716603
capital_0747,충무로,충무로,충무로,capital,3,1,,37.561367,126.994373
capital_0748,충정로,충정로(경기대입구),충정로,capital,3,1,경기대입구,37.559901,126.963619
capital_0749,캠퍼스타운,캠퍼스타운,캠퍼스타운,capital,5,0,,37.388209,126.661985
capital_0750,탄현,탄현,탄현,capital,2,0,,37.694114,126.761075
capital_0751,탑석,탑석,탑석,capital,2,0,,37.733554,127.088906
capital_0752,탕정,탕정,탕정,capital,2,0,,36.788272,127.084446
capital_0753,태릉입구,태릉입구,태릉입구,capital,4,1,,37.617919,127.075051
capital_0754,태평,태평,태평,capital,2,0,,37.439842,127.127746
capital_0755,테크노파크,테크노파크,테크노파크,capital,5,0,,37.382311,126.656355
capital_0756,퇴계원,퇴계원,퇴계원,capital,3,0,,37.648316,127.143858
capital_0757,파주,파주,파주,capital,2,0,,37.815391,126.792426
capital_0758,판교,판교,판교,capital,2,1,,37.395256,127.111173
capital_0759,팔당,팔당,팔당,capital,2,0,,37.547321,127.243896
capital_0760,평내호평,평내호평,평내호평,capital,4,0,,37.653229,127.244452
capital_0761,평촌,평촌,평촌,capital,2,0,,37.394346,126.963881
capital_0762,평택,평택,평택,capital,2,0,,36.990559,127.085496
capital_0763,평택지제,평택지제,평택지제,capital,4,0,,37.018822,127.070269
capital_0764,풍무,풍무,풍무,capital,2,0,,37.612333,126.732583
capital_0765,풍산,풍산,풍산,capital,2,1,,37.672173,126.786355
capital_0766,하계,하계,하계,capital,2,0,,37.636363,127.067999
capital_0767,하남검단산,하남검단산,하남검단산,capital,5,0,,37.539729,127.223427
capital_0768,하남시청,하남시청(덕풍∙신장),하남시청,capital,4,0,덕풍∙신장,37.541723,127.206901
capital_0769,하남풍산,하남풍산,하남풍산,capital,4,0,,37.552201,127.203897
capital_0770,학동,학동,학동,capital,2,0,,37.514262,127.031738
capital_0771,학여울,학여울,학여울,capital,3,0,,37.496787,127.07086
capital_0772,한강진,한강진,한강진,capital,3,0,,37.53956,127.001729
capital_0773,한국항공대,한국항공대,한국항공대,capital,5,0,,37.603102,126.868291
capital_0774,한남,한남,한남,capital,2,0,,37.529361,127.008984
capital_0775,한대앞,한대앞,한대앞,capital,3,1,,37.309835,126.853581
capital_0776,한성대입구,한성대입구(삼선교),한성대입구,capital,5,0,삼선교,37.58838,127.005951
capital_0777,한성백제,한성백제,한성백제,capital,4,0,,37.516369,127.116211
capital_0778,한양대,한양대,한양대,capital,3,0,,37.555758,127.043659
capital_0779,한티,한티,한티,capital,2,0,,37.496208,127.052883
capital_0780,합정,합정,합정,capital,2,1,,37.549529,126.914051
capital_0781,행당,행당,행당,capital,2,0,,37.557297,127.029482
capital_0782,행신,행신,행신,capital,2,0,,37.612125,126.834063
capital_0783,혜화,혜화,혜화,capital,2,0,,37.582116,127.001929
capital_0784,호구포,호구포,호구포,capital,3,0,,37.401622,126.708682
capital_0785,홍대입구,홍대입구,홍대입구,capital,4,1,,37.557356,126.925657
capital_0786,홍제,홍제,홍제,capital,2,0,,37.588851,126.944092
capital_0787,화계,화계,화계,capital,2,0,,37.63428,127.0175
capital_0788,화곡,화곡,화곡,capital,2,0,,37.541585,126.840436
capital_0789,화랑대,화랑대(서울여대입구),화랑대,capital,3,0,서울여대입구,37.619875,127.084106
capital_0790,화서,화서,화서,capital,2,0,,37.28399,126.989581
capital_0791,화정,화정,화정,capital,2,0,,37.634708,126.832503
capital_0792,회기,회기,회기,capital,2,1,,37.589702,127.057936
capital_0793,회룡,회룡,회룡,capital,2,1,,37.724545,127.047053
capital_0794,회현,회현(남대문시장),회현,capital,2,0,남대문시장,37.558698,126.978346
capital_0795,효자,효자,효자,capital,2,0,,37.753985,127.077315
capital_0796,효창공원앞,효창공원앞,효창공원앞,capital,5,1,,37.539034,126.961844
capital_0797,흑석,흑석(중앙대입구),흑석,capital,2,0,중앙대입구,37.508889,126.963611
capital_0798,흥선,흥선,흥선,capital,2,0,,37.743225,127.037177
daegu_0799,각산,각산,각산,daegu,2,0,,35.867852,128.723843
daegu_0800,감삼,감삼,감삼,daegu,2,0,,35.854325,128.547905
daegu_0801,강창,강창,강창,daegu,2,0,,35.853112,128.479
daegu_0802,건들바위,건들바위,건들바위,daegu,4,0,,35.855383,128.59969
daegu_0803,경대병원,경대병원,경대병원,daegu,4,0,,35.863102,128.60316
daegu_0804,경산,경산,경산,daegu,2,0,,35.8192,128.7276
daegu_0805,계명대,계명대,계명대,daegu,3,0,,35.851465,128.491969
daegu_0806,고산,고산,고산,daegu,2,0,,35.842955,128.69335
daegu_0807,공단,공단,공단,daegu,2,0,,35.892,128.5536
daegu_0808,교대,교대,교대,daegu,2,0,,35.851095,128.590643
daegu_0809,구미,구미,구미,daegu,2,0,,36.128278,128.331071
daegu_0810,구암,구암(과학대보건대입구),구암,daegu,2,0,과학대보건대입구,35.925742,128.550342
daegu_0811,남산,남산(계명네거리),남산,daegu,2,0,계명네거리,35.85669,128.583458
daegu_0812,내당,내당,내당,daegu,2,0,,35.860194,128.564593
daegu_0813,다사,다사,다사,daegu,2,0,,35.864953,128.458288
daegu_0814,달성공원,달성공원,달성공원,daegu,4,0,,35.87573,128.582122
daegu_0815,담티,담티(수성대·대륜),담티,daegu,2,0,수성대·대륜,35.854841,128.654151
daegu_0816,대곡,대곡(정부대구청사),대곡,daegu,2,0,정부대구청사,35.809571,128.51257
daegu_0817,대구역,대구역,대구,daegu,3,1,,35.876189,128.59651
daegu_0818,대구은행,대구은행(대구교육청),대구은행,daegu,4,0,대구교육청,35.859868,128.613975
daegu_0819,대구한의대병원,대구한의대병원,대구한의대병원,daegu,7,0,,35.871709,128.750824
daegu_0820,대명,대명,대명,daegu,2,0,,35.839292,128.565285
daegu_0821,대봉교,대봉교,대봉교,daegu,3,0,,35.854998,128.606369
daegu_0822,대실,대실,대실,daegu,2,0,,35.857333,128.465626
daegu_0823,동구청,동구청(큰고개),동구청,daegu,3,0,큰고개,35.884485,128.632295
daegu_0824,동대구역,동대구역,동대구,daegu,4,1,,35.878501,128.627979
daegu_0825,동천,동천,동천,daegu,2,0,,35.937707,128.556683
daegu_0826,동촌,동촌(동촌유원지),동촌,daegu,2,0,동촌유원지,35.886039,128.650455
daegu_0827,두류,두류,두류,daegu,2,0,,35.857241,128.555509
daegu_0828,만촌,만촌,만촌,daegu,2,0,,35.858841,128.644951
daegu_0829,만평,만평,만평,daegu,2,0,,35.889893,128.561002
daegu_0830,매천,매천,매천,daegu,2,0,,35.91265,128.5434
daegu_0831,매천시장,매천시장,매천시장,daegu,4,0,,35.90443,128.545755
daegu_0832,명덕,명덕(2.28민주운동기념회관),명덕,daegu,2,1,2.28민주운동기념회관|2·28민주운동기념회관,35.857164,128.590463
daegu_0833,문양,문양,문양,daegu,2,0,,35.864143,128.437004
daegu_0834,반고개,반고개,반고개,daegu,3,0,,35.8623,128.572817
daegu_0835,반야월,반야월,반야월,daegu,3,0,,35.865948,128.713663
daegu_0836,반월당,반월당,반월당,daegu,3,1,,35.864741,128.593323
daegu_0837,방촌,방촌,방촌,daegu,2,0,,35.879929,128.669767
daegu_0838,범물,범물,범물,daegu,2,0,,35.820839,128.640113
daegu_0839,범어,범어,범어,daegu,2,0,,35.8591,128.6257
daegu_0840,부호,부호(경일대·호산대),부호,daegu,2,0,경일대·호산대,35.900281,128.803114
daegu_0841,북구청,"북구청
(대구iM뱅크파크)",북구청,daegu,3,0,대구iM뱅크파크,35.883814,128.581448
daegu_0842,북삼,북삼,북삼,daegu,2,0,,36.056033,128.345278
daegu_0843,사곡,사곡,사곡,daegu,2,0,,36.098508,128.356416
daegu_0844,사월,사월,사월,daegu,2,0,,35.837066,128.715173
daegu_0845,상인,상인,상인,daegu,2,0,,35.818858,128.537559
daegu_0846,서대구,서대구,서대구,daegu,3,0,,35.881734,128.540121
daegu_0847,서문시장,서문시장(동산병원),서문시장,daegu,4,0,동산병원,35.869664,128.582241
daegu_0848,서부정류장,서부정류장(관문시장),서부정류장,daegu,5,0,관문시장,35.837337,128.55707
daegu_0849,설화명곡,설화명곡,설화명곡,daegu,4,0,,35.798618,128.489393
daegu_0850,성서산업단지,성서산업단지,성서산업단지,daegu,6,0,,35.851824,128.507166
daegu_0851,송현,송현,송현,daegu,2,0,,35.831092,128.551755
daegu_0852,수성구민운동장,수성구민운동장,수성구민운동장,daegu,7,0,,35.85241,128.625125
daegu_0853,수성구청,수성구청(KBS),수성구청,daegu,4,0,KBS,35.85874,128.635952
daegu_0854,수성못,수성못(TBC),수성못,daegu,3,0,TBC,35.831356,128.623217
daegu_0855,수성시장,수성시장,수성시장,daegu,4,0,,35.854317,128.616029
daegu_0856,수성알파시티,수성알파시티(삼성라이온즈파크),수성알파시티,daegu,6,0,삼성라이온즈파크,35.842718,128.67999
daegu_0857,신기,신기,신기,daegu,2,0,,35.866761,128.701724
daegu_0858,신매,신매,신매,daegu,2,0,,35.8408,128.705
daegu_0859,신천,신천(경북대입구),신천,daegu,2,0,경북대입구,35.874527,128.617244
daegu_0860,아양교,아양교(대구국제공항입구),아양교,daegu,3,0,대구국제공항입구,35.887208,128.639572
daegu_0861,안심,안심(혁신도시·첨복단지),안심,daegu,2,0,혁신도시·첨복단지,35.8712,128.7338
daegu_0862,안지랑,안지랑,안지랑,daegu,3,0,,35.8392,128.574
daegu_0863,어린이세상,어린이세상,어린이세상,daegu,5,0,,35.84517,128.624468
daegu_0864,연호,연호,연호,daegu,2,0,,35.8465,128.67185
daegu_0865,영남대,영남대,영남대,daegu,3,0,,35.836373,128.752966
daegu_0866,영대병원,영대병원,영대병원,daegu,4,0,,35.844252,128.588241
daegu_0867,왜관,왜관,왜관,daegu,2,0,,35.991821,128.400391
daegu_0868,용계,용계,용계,daegu,2,0,,35.876256,128.681414
daegu_0869,용산,용산(서부법원․검찰청입구),용산,daegu,2,0,서부법원․검찰청입구,35.84912,128.528769
daegu_0870,용지,용지,용지,daegu,2,0,,35.818268,128.646535
daegu_0871,원대,원대,원대,daegu,2,0,,35.887886,128.574392
daegu_0872,월배,월배,월배,daegu,2,0,,35.816123,128.530119
daegu_0873,월촌,월촌,월촌,daegu,2,0,,35.823695,128.545465
daegu_0874,율하,율하,율하,daegu,2,0,,35.869751,128.692775
daegu_0875,이곡,이곡,이곡,daegu,2,0,,35.85062,128.515769
daegu_0876,임당,임당,임당,daegu,2,0,,35.834131,128.741076
daegu_0877,정평,정평,정평,daegu,2,0,,35.83407,128.728695
daegu_0878,죽전,죽전,죽전,daegu,2,0,,35.85035,128.537089
daegu_0879,중앙로,중앙로,중앙로,daegu,3,0,,35.870873,128.593888
daegu_0880,지산,지산,지산,daegu,2,0,,35.825153,128.631951
daegu_0881,진천,진천,진천,daegu,2,0,,35.813815,128.522374
daegu_0882,청라언덕,청라언덕(신남),청라언덕,daegu,4,1,신남,35.864597,128.582349
daegu_0883,칠곡경대병원,칠곡경대병원,칠곡경대병원,daegu,6,0,,35.958387,128.559891
daegu_0884,칠곡운암,칠곡운암,칠곡운암,daegu,4,0,,35.931455,128.55453
daegu_0885,칠성시장,칠성시장,칠성시장,daegu,4,0,,35.876159,128.604885
daegu_0886,태전,태전,태전,daegu,2,0,,35.919617,128.547388
daegu_0887,팔거,팔거(국립농관원통계청),팔거,daegu,2,0,국립농관원통계청,35.944047,128.558337
daegu_0888,팔달,팔달,팔달,daegu,2,0,,35.89777,128.5468
daegu_0889,팔달시장,팔달시장,팔달시장,daegu,4,0,,35.888831,128.567872
daegu_0890,하양,하양(대구가톨릭대),하양,daegu,2,0,대구가톨릭대,35.909426,128.81754
daegu_0891,학정,학정,학정,daegu,2,0,,35.951555,128.559193
daegu_0892,해안,해안,해안,daegu,2,0,,35.883765,128.659079
daegu_0893,현충로,현충로,현충로,daegu,3,0,,35.84072,128.58085
daegu_0894,화원,화원,화원,daegu,2,0,,35.804349,128.500409
daegu_0895,황금,황금,황금,daegu,2,0,,35.839078,128.623919
daejeon_0896,갈마,갈마,갈마,daejeon,2,0,,36.357522,127.372632
daejeon_0897,갑천,갑천,갑천,daejeon,2,0,,36.354578,127.354467
daejeon_0898,구암,구암,구암,daejeon,2,0,,36.356605,127.33083
daejeon_0899,노은,노은,노은,daejeon,2,0,,36.37415,127.317835
daejeon_0900,대동,대동,대동,daejeon,2,0,,36.329532,127.442848
daejeon_0901,대전,대전,대전,daejeon,2,0,,36.331583,127.433118
daejeon_0902,반석,반석,반석,daejeon,2,0,,36.392128,127.314581
daejeon_0903,서대전네거리,서대전네거리,서대전네거리,daejeon,6,0,,36.322416,127.412518
daejeon_0904,시청,시청,시청,daejeon,2,0,,36.351673,127.386739
daejeon_0905,신흥,신흥,신흥,daejeon,2,0,,36.319652,127.448792
daejeon_0906,오룡,오룡,오룡,daejeon,2,0,,36.328582,127.405046
daejeon_0907,용문,용문,용문,daejeon,2,0,,36.338252,127.393317
daejeon_0908,월드컵경기장,월드컵경기장,월드컵경기장,daejeon,6,0,,36.366825,127.317859
daejeon_0909,월평,월평,월평,daejeon,2,0,,36.358272,127.364382
daejeon_0910,유성온천,유성온천,유성온천,daejeon,4,0,,36.353689,127.341524
daejeon_0911,정부청사,정부청사,정부청사,daejeon,4,0,,36.357661,127.381047
daejeon_0912,중구청,중구청,중구청,daejeon,3,0,,36.324831,127.419627
daejeon_0913,중앙로,중앙로,중앙로,daejeon,3,0,,36.328664,127.425842
daejeon_0914,지족,지족,지족,daejeon,2,0,,36.384106,127.319501
daejeon_0915,탄방,탄방,탄방,daejeon,2,0,,36.34544,127.384603
daejeon_0916,판암,판암,판암,daejeon,2,0,,36.316896,127.458264
daejeon_0917,현충원,현충원,현충원,daejeon,3,0,,36.359021,127.321525
gwangju_0918,공항,공항,공항,gwangju,2,0,,35.144179,126.81153
gwangju_0919,광주송정역,광주송정역,광주송정,gwangju,5,0,,35.137529,126.791488
gwangju_0920,금남로4가,금남로4가,금남로4가,gwangju,4,0,,35.150976,126.914446
gwangju_0921,금남로5가,금남로5가,금남로5가,gwangju,4,0,,35.153658,126.910033
gwangju_0922,김대중컨벤션센터,김대중컨벤션센터(마륵),김대중컨벤션센터,gwangju,8,0,마륵,35.143214,126.841442
gwangju_0923,남광주,남광주,남광주,gwangju,3,0,,35.138985,126.92318
gwangju_0924,녹동,녹동,녹동,gwangju,2,0,,35.107028,126.933932
gwangju_0925,농성,농성,농성,gwangju,2,0,,35.153363,126.883973
gwangju_0926,도산,도산,도산,gwangju,2,0,,35.131713,126.787942
gwangju_0927,돌고개,돌고개,돌고개,gwangju,3,0,,35.152047,126.895637
gwangju_0928,문화전당,문화전당(구도청),문화전당,gwangju,4,0,구도청,35.14661,126.92005
gwangju_0929,상무,상무,상무,gwangju,2,0,,35.146784,126.848641
gwangju_0930,소태,소태,소태,gwangju,2,0,,35.124108,126.932013
gwangju_0931,송정공원,송정공원,송정공원,gwangju,4,0,,35.143565,126.799245
gwangju_0932,쌍촌,쌍촌,쌍촌,gwangju,2,0,,35.151793,126.869519
gwangju_0933,양동시장,양동시장,양동시장,gwangju,4,0,,35.154176,126.901089
gwangju_0934,운천,운천,운천,gwangju,2,0,,35.150486,126.858694
gwangju_0935,평동,평동,평동,gwangju,2,0,,35.1247,126.769586
gwangju_0936,학동증심사입구,학동증심사입구,학동증심사입구,gwangju,7,0,,35.133023,126.928382
gwangju_0937,화정,화정,화정,gwangju,2,0,,35.152085,126.876698
